Datum,PS_COVID_Faelle,UG_PI_COVID_Faelle,OG_PI_COVID_Faelle,PS_COVID_Faelle_ma4,UG_PI_COVID_Faelle_ma4,OG_PI_COVID_Faelle_ma4,PS_7_Tage_R_Wert,UG_PI_7_Tage_R_Wert,OG_PI_7_Tage_R_Wert
2020-03-02,304,292,319,225,213,238,,,
2020-03-03,321,304,337,261,248,276,,,
2020-03-04,448,430,467,326,311,342,,,
2020-03-05,503,485,525,394,378,412,,,
2020-03-06,757,732,783,507,488,528,2.34,2.28,2.39
2020-03-07,984,958,1010,673,651,696,2.56,2.51,2.61
2020-03-08,1336,1308,1370,895,870,922,2.93,2.88,2.98
2020-03-09,2021,1985,2052,1274,1245,1304,3.13,3.08,3.18
2020-03-10,2573,2529,2623,1728,1695,1764,3.22,3.18,3.26
2020-03-11,3237,3190,3283,2292,2253,2332,3.12,3.08,3.16
2020-03-12,3601,3537,3648,2858,2810,2901,2.84,2.82,2.87
2020-03-13,4356,4301,4408,3442,3389,3490,2.5,2.48,2.52
2020-03-14,4433,4373,4492,3907,3850,3958,2.18,2.17,2.2
2020-03-15,4678,4618,4734,4267,4207,4320,1.99,1.98,2
2020-03-16,6016,5952,6075,4871,4811,4927,1.74,1.73,1.75
2020-03-17,5235,5166,5296,5090,5027,5149,1.56,1.55,1.57
2020-03-18,5288,5231,5346,5304,5242,5363,1.39,1.39,1.4
2020-03-19,4725,4668,4780,5316,5254,5374,1.24,1.23,1.24
2020-03-20,5329,5262,5380,5144,5082,5200,1.13,1.13,1.14
2020-03-21,4442,4383,4501,4946,4886,5001,1.04,1.03,1.04
2020-03-22,3818,3759,3866,4578,4518,4631,.98,.97,.98
2020-03-23,5157,5095,5222,4686,4625,4742,.92,.92,.92
2020-03-24,4076,4024,4138,4373,4315,4432,.9,.89,.9
2020-03-25,4418,4357,4471,4367,4309,4424,.9,.89,.9
2020-03-26,3998,3933,4063,4412,4352,4473,.88,.88,.89
2020-03-27,4122,4056,4184,4153,4092,4214,.9,.89,.9
2020-03-28,3888,3837,3953,4106,4046,4168,.9,.9,.91
2020-03-29,3261,3206,3322,3817,3758,3880,.9,.9,.91
2020-03-30,4394,4331,4462,3916,3857,3980,.92,.92,.93
2020-03-31,3574,3519,3647,3779,3723,3846,.93,.92,.93
2020-04-01,4040,3981,4105,3817,3759,3884,.93,.93,.94
2020-04-02,3724,3671,3790,3933,3875,4001,.95,.94,.95
2020-04-03,3730,3659,3792,3767,3707,3833,.93,.92,.94
2020-04-04,3006,2953,3061,3625,3566,3687,.92,.92,.93
2020-04-05,2700,2645,2745,3290,3232,3347,.89,.89,.9
2020-04-06,3342,3285,3389,3195,3135,3247,.89,.88,.89
2020-04-07,3054,3003,3117,3025,2971,3078,.87,.87,.88
2020-04-08,2872,2815,2935,2992,2937,3046,.85,.84,.86
2020-04-09,2700,2658,2757,2992,2940,3049,.83,.82,.84
2020-04-10,2326,2276,2376,2738,2688,2796,.81,.8,.81
2020-04-11,2016,1966,2064,2478,2429,2533,.81,.81,.82
2020-04-12,1952,1905,2000,2248,2201,2299,.79,.78,.79
2020-04-13,1887,1840,1933,2045,1997,2093,.79,.78,.79
2020-04-14,1952,1902,2002,1952,1903,2000,.78,.77,.78
2020-04-15,1940,1886,1986,1933,1883,1980,.76,.75,.76
2020-04-16,1751,1699,1793,1882,1832,1928,.78,.78,.79
2020-04-17,1642,1596,1687,1821,1771,1867,.8,.79,.81
2020-04-18,1433,1392,1480,1692,1643,1736,.81,.8,.82
2020-04-19,1310,1258,1352,1534,1486,1578,.84,.83,.85
2020-04-20,1578,1540,1619,1491,1446,1534,.84,.83,.85
2020-04-21,1350,1303,1393,1418,1373,1461,.82,.82,.83
2020-04-22,1293,1253,1342,1383,1339,1426,.83,.82,.84
2020-04-23,1268,1232,1302,1372,1332,1414,.81,.8,.82
2020-04-24,1146,1107,1190,1264,1224,1306,.81,.8,.82
2020-04-25,1007,968,1044,1178,1140,1219,.83,.81,.84
2020-04-26,904,867,942,1081,1043,1119,.82,.81,.83
2020-04-27,1100,1063,1144,1039,1001,1080,.82,.81,.83
2020-04-28,942,906,977,988,951,1027,.81,.8,.82
2020-04-29,866,827,904,953,916,992,.81,.8,.82
2020-04-30,936,907,969,961,926,998,.81,.8,.83
2020-05-01,816,781,854,890,855,926,.82,.81,.84
2020-05-02,741,711,773,840,806,875,.85,.84,.87
2020-05-03,755,718,784,812,779,845,.86,.85,.88
2020-05-04,890,858,921,801,767,833,.89,.87,.9
2020-05-05,815,785,853,800,768,832,.9,.89,.92
2020-05-06,744,713,782,801,768,835,.89,.87,.9
2020-05-07,705,674,738,788,757,823,.9,.88,.91
2020-05-08,679,646,709,736,704,770,.89,.88,.9
2020-05-09,580,547,614,677,645,711,.87,.86,.88
2020-05-10,556,522,585,630,597,661,.87,.85,.88
2020-05-11,666,638,703,620,588,652,.85,.84,.86
2020-05-12,621,593,649,606,575,637,.85,.84,.86
2020-05-13,589,555,621,608,577,639,.85,.83,.86
2020-05-14,528,495,558,601,570,632,.89,.87,.91
2020-05-15,678,646,705,604,572,633,.92,.91,.94
2020-05-16,560,537,592,589,558,619,.93,.91,.95
2020-05-17,442,417,473,552,523,582,.96,.94,.97
2020-05-18,615,584,639,574,546,602,.92,.9,.94
2020-05-19,466,439,491,521,494,548,.92,.9,.93
2020-05-20,562,530,598,521,492,550,.91,.89,.93
2020-05-21,389,358,415,508,477,536,.85,.83,.86
2020-05-22,387,361,413,451,422,479,.83,.82,.85
2020-05-23,366,341,388,426,397,453,.82,.8,.84
2020-05-24,371,345,395,378,351,403,.81,.79,.83
2020-05-25,468,444,497,398,373,423,.87,.85,.89
2020-05-26,435,413,463,410,386,436,.89,.87,.91
2020-05-27,454,430,480,432,408,459,.91,.89,.93
2020-05-28,378,345,401,434,408,460,.94,.92,.96
2020-05-29,347,330,366,403,379,427,.92,.9,.94
2020-05-30,291,266,312,367,342,390,.92,.9,.94
2020-05-31,269,249,291,321,297,342,.87,.85,.89
2020-06-01,327,308,353,308,288,331,.89,.86,.91
2020-06-02,439,413,468,331,309,356,.89,.87,.91
2020-06-03,400,371,429,359,335,385,.91,.89,.94
2020-06-04,342,323,368,377,354,404,.95,.93,.98
2020-06-05,319,297,344,375,351,402,.96,.93,.98
2020-06-06,300,282,324,340,318,366,.96,.94,.99
2020-06-07,231,208,259,298,277,324,1.01,.98,1.03
2020-06-08,409,383,433,315,292,340,1.03,1,1.05
2020-06-09,450,424,479,348,324,373,1.04,1.01,1.06
2020-06-10,433,404,459,381,355,407,1.06,1.03,1.09
2020-06-11,367,345,388,415,389,440,1.05,1.02,1.07
2020-06-12,375,348,398,406,380,431,1.07,1.05,1.1
2020-06-13,366,336,388,385,358,408,1.11,1.09,1.14
2020-06-14,355,328,381,366,339,389,1.19,1.16,1.22
2020-06-15,645,611,685,435,406,463,1.43,1.39,1.46
2020-06-16,1115,1079,1151,620,588,651,1.48,1.44,1.51
2020-06-17,660,630,697,694,662,728,1.47,1.44,1.5
2020-06-18,536,503,565,739,705,774,1.42,1.39,1.45
2020-06-19,572,529,606,721,685,755,1.19,1.17,1.22
2020-06-20,475,441,511,561,526,595,1.13,1.1,1.15
2020-06-21,367,340,395,487,453,519,1.04,1.01,1.06
2020-06-22,471,441,502,471,438,504,.83,.81,.84
2020-06-23,431,404,459,436,406,467,.76,.75,.78
2020-06-24,469,440,494,434,406,463,.73,.71,.74
2020-06-25,409,384,437,445,417,473,.73,.71,.74
2020-06-26,431,403,455,435,407,461,.83,.82,.86
2020-06-27,352,326,375,415,388,440,.87,.85,.89
2020-06-28,312,286,337,376,349,401,.89,.87,.91
2020-06-29,426,401,451,380,354,404,.93,.91,.95
2020-06-30,436,410,458,382,355,405,.95,.92,.97
2020-07-01,405,378,429,395,368,418,.94,.92,.96
2020-07-02,342,317,369,402,376,427,.93,.9,.95
2020-07-03,345,323,367,382,357,406,.9,.88,.93
2020-07-04,298,272,322,348,322,372,.92,.9,.94
2020-07-05,291,268,316,319,295,343,.92,.9,.95
2020-07-06,371,350,393,327,303,349,.93,.91,.96
2020-07-07,377,353,398,334,310,357,.93,.91,.95
2020-07-08,357,330,384,349,325,372,.95,.93,.97
2020-07-09,377,358,398,371,348,393,1.01,.98,1.03
2020-07-10,430,406,459,385,362,409,1.07,1.03,1.1
2020-07-11,385,363,407,387,364,412,1.12,1.09,1.14
2020-07-12,359,334,384,388,365,412,1.17,1.14,1.2
2020-07-13,543,517,573,429,405,455,1.19,1.16,1.21
2020-07-14,519,491,550,451,426,478,1.23,1.2,1.25
2020-07-15,558,530,592,495,468,525,1.23,1.2,1.26
2020-07-16,469,438,498,522,494,553,1.19,1.16,1.22
2020-07-17,533,508,564,520,491,551,1.17,1.14,1.19
2020-07-18,486,460,510,512,484,541,1.14,1.12,1.17
2020-07-19,517,495,543,501,475,529,1.16,1.13,1.18
2020-07-20,691,657,720,557,530,584,1.17,1.15,1.2
2020-07-21,699,670,732,598,570,626,1.19,1.17,1.22
2020-07-22,736,708,768,661,632,691,1.2,1.17,1.22
2020-07-23,676,643,712,701,669,733,1.19,1.17,1.21
2020-07-24,691,658,721,700,669,733,1.17,1.15,1.19
2020-07-25,617,589,651,680,649,713,1.14,1.12,1.16
2020-07-26,607,577,638,648,616,680,1.12,1.1,1.14
2020-07-27,824,787,860,685,652,717,1.09,1.07,1.11
2020-07-28,765,732,804,703,671,738,1.06,1.05,1.08
2020-07-29,740,712,772,734,702,768,1.06,1.04,1.08
2020-07-30,763,730,798,773,740,808,1.05,1.03,1.07
2020-07-31,775,737,809,761,728,796,1.08,1.06,1.1
2020-08-01,823,785,865,775,741,811,1.13,1.11,1.15
2020-08-02,889,848,927,813,775,849,1.17,1.15,1.18
2020-08-03,1079,1040,1124,892,852,931,1.19,1.17,1.21
2020-08-04,993,955,1032,946,907,987,1.19,1.17,1.21
2020-08-05,988,948,1031,987,948,1028,1.17,1.16,1.2
2020-08-06,1004,961,1048,1016,976,1059,1.17,1.15,1.19
2020-08-07,1052,1006,1103,1009,967,1053,1.16,1.14,1.18
2020-08-08,1002,952,1051,1011,967,1058,1.13,1.12,1.15
2020-08-09,1041,994,1089,1025,978,1073,1.14,1.12,1.16
2020-08-10,1401,1350,1462,1124,1075,1176,1.14,1.12,1.16
2020-08-11,1310,1261,1362,1188,1139,1241,1.16,1.14,1.18
2020-08-12,1319,1272,1370,1268,1219,1321,1.18,1.17,1.2
2020-08-13,1355,1291,1409,1346,1293,1401,1.17,1.15,1.19
2020-08-14,1320,1264,1373,1326,1272,1378,1.15,1.13,1.16
2020-08-15,1201,1163,1262,1299,1247,1353,1.12,1.1,1.13
2020-08-16,1167,1125,1226,1261,1210,1317,1.07,1.06,1.09
2020-08-17,1415,1366,1466,1276,1229,1332,1.06,1.04,1.07
2020-08-18,1459,1404,1515,1310,1264,1367,1.03,1.01,1.04
2020-08-19,1294,1248,1342,1333,1286,1387,.99,.98,1.01
2020-08-20,1139,1092,1184,1327,1277,1377,.97,.96,.99
2020-08-21,1156,1111,1205,1262,1213,1311,.95,.93,.96
2020-08-22,1112,1071,1160,1175,1130,1223,.95,.93,.96
2020-08-23,1159,1121,1203,1142,1099,1188,.97,.96,.99
2020-08-24,1428,1387,1474,1214,1172,1260,.98,.96,.99
2020-08-25,1331,1286,1383,1257,1216,1305,.98,.96,.99
2020-08-26,1200,1159,1248,1279,1238,1327,.98,.97,1
2020-08-27,1216,1164,1275,1294,1249,1345,.98,.97,.99
2020-08-28,1135,1089,1174,1220,1174,1270,.98,.96,.99
2020-08-29,959,918,1002,1127,1082,1175,.97,.95,.99
2020-08-30,1023,976,1071,1083,1037,1130,.96,.94,.97
2020-08-31,1363,1314,1426,1120,1074,1168,.98,.96,.99
2020-09-01,1484,1441,1532,1207,1162,1257,1.01,.99,1.02
2020-09-02,1330,1282,1385,1300,1253,1353,1.03,1.02,1.04
2020-09-03,1256,1204,1306,1358,1310,1412,1.06,1.04,1.07
2020-09-04,1275,1224,1326,1336,1288,1387,1.06,1.05,1.08
2020-09-05,1155,1117,1192,1254,1207,1302,1.08,1.06,1.09
2020-09-06,1302,1261,1356,1247,1201,1295,1.1,1.08,1.11
2020-09-07,1591,1542,1644,1331,1286,1379,1.09,1.08,1.11
2020-09-08,1583,1541,1626,1408,1365,1454,1.1,1.08,1.11
2020-09-09,1599,1552,1655,1519,1474,1570,1.11,1.09,1.12
2020-09-10,1627,1577,1683,1600,1553,1652,1.12,1.1,1.13
2020-09-11,1642,1594,1701,1613,1566,1666,1.15,1.13,1.16
2020-09-12,1536,1497,1604,1601,1555,1660,1.14,1.13,1.16
2020-09-13,1576,1532,1629,1595,1550,1654,1.15,1.14,1.17
2020-09-14,2124,2070,2176,1720,1673,1777,1.15,1.14,1.16
2020-09-15,1966,1910,2017,1801,1752,1856,1.14,1.12,1.15
2020-09-16,1887,1844,1942,1888,1839,1941,1.12,1.1,1.13
2020-09-17,1721,1679,1773,1924,1876,1977,1.07,1.06,1.08
2020-09-18,1706,1659,1760,1820,1773,1873,1.03,1.02,1.05
2020-09-19,1499,1451,1545,1703,1658,1755,1.01,1.01,1.02
2020-09-20,1630,1578,1672,1639,1591,1687,1.01,1,1.02
2020-09-21,2191,2129,2235,1756,1704,1803,1.02,1.01,1.03
2020-09-22,2155,2103,2208,1869,1815,1915,1.04,1.03,1.05
2020-09-23,2080,2016,2136,2014,1956,2063,1.06,1.05,1.07
2020-09-24,2070,2009,2126,2124,2064,2176,1.09,1.08,1.1
2020-09-25,2159,2108,2221,2116,2059,2173,1.11,1.1,1.12
2020-09-26,1927,1875,1991,2059,2002,2118,1.12,1.11,1.13
2020-09-27,1904,1853,1955,2015,1961,2073,1.12,1.11,1.13
2020-09-28,2664,2592,2742,2164,2107,2227,1.13,1.12,1.14
2020-09-29,2767,2706,2841,2315,2256,2382,1.15,1.13,1.16
2020-09-30,2784,2709,2841,2530,2465,2594,1.19,1.17,1.2
2020-10-01,3008,2930,3086,2806,2734,2877,1.23,1.22,1.24
2020-10-02,3373,3298,3438,2983,2911,3051,1.28,1.26,1.29
2020-10-03,3357,3290,3440,3131,3057,3201,1.31,1.3,1.33
2020-10-04,3420,3353,3472,3290,3218,3359,1.36,1.35,1.37
2020-10-05,4758,4676,4846,3727,3654,3799,1.38,1.37,1.39
2020-10-06,4794,4703,4885,4082,4005,4161,1.39,1.38,1.4
2020-10-07,4912,4824,5002,4471,4389,4551,1.38,1.37,1.4
2020-10-08,4979,4887,5078,4861,4772,4953,1.35,1.34,1.36
2020-10-09,5379,5307,5465,5016,4930,5107,1.32,1.31,1.32
2020-10-10,5310,5211,5386,5145,5057,5232,1.29,1.28,1.3
2020-10-11,5499,5382,5573,5292,5197,5375,1.3,1.29,1.3
2020-10-12,7498,7392,7602,5922,5823,6006,1.31,1.3,1.32
2020-10-13,7855,7749,7961,6541,6433,6630,1.34,1.33,1.35
2020-10-14,8437,8290,8576,7322,7203,7428,1.37,1.35,1.37
2020-10-15,8692,8588,8817,8121,8005,8239,1.38,1.37,1.39
2020-10-16,9559,9404,9674,8636,8508,8757,1.37,1.36,1.38
2020-10-17,9358,9220,9488,9011,8876,9139,1.38,1.37,1.38
2020-10-18,10457,10334,10622,9516,9386,9650,1.4,1.39,1.41
2020-10-19,13826,13664,13978,10800,10655,10941,1.42,1.41,1.43
2020-10-20,14820,14634,14949,12115,11963,12259,1.44,1.44,1.45
2020-10-21,15394,15227,15570,13624,13464,13780,1.43,1.42,1.44
2020-10-22,15032,14858,15188,14768,14596,14921,1.39,1.38,1.4
2020-10-23,15853,15649,16039,15275,15092,15436,1.34,1.33,1.34
2020-10-24,15088,14916,15236,15342,15162,15508,1.29,1.28,1.29
2020-10-25,15654,15479,15845,15407,15225,15577,1.26,1.25,1.26
2020-10-26,19202,19047,19379,16449,16273,16625,1.21,1.2,1.21
2020-10-27,18417,18256,18617,17090,16924,17269,1.17,1.16,1.17
2020-10-28,18090,17890,18276,17841,17668,18029,1.13,1.12,1.13
2020-10-29,16811,16594,16992,18130,17947,18316,1.09,1.08,1.09
2020-10-30,17247,17093,17385,17641,17458,17817,1.06,1.05,1.06
2020-10-31,15614,15413,15776,16940,16747,17107,1.04,1.04,1.04
2020-11-01,16655,16494,16830,16582,16398,16745,1.04,1.03,1.04
2020-11-02,20970,20786,21166,17621,17446,17789,1.03,1.03,1.04
2020-11-03,19021,18843,19202,18065,17884,18243,1.03,1.02,1.03
2020-11-04,18020,17858,18172,18667,18495,18842,1.02,1.01,1.02
2020-11-05,16540,16366,16720,18638,18463,18815,.99,.99,1
2020-11-06,16122,15969,16314,17426,17259,17602,.98,.98,.99
2020-11-07,15047,14903,15212,16433,16274,16604,.97,.97,.98
2020-11-08,15142,14940,15315,15713,15544,15890,.96,.95,.96
2020-11-09,19033,18852,19274,16336,16166,16529,.96,.96,.97
2020-11-10,18429,18231,18605,16913,16731,17101,.97,.96,.97
2020-11-11,17921,17724,18103,17631,17437,17824,.99,.98,.99
2020-11-12,17646,17471,17849,18257,18069,18457,1.02,1.02,1.03
2020-11-13,18348,18182,18550,18086,17902,18277,1.04,1.03,1.04
2020-11-14,16313,16152,16497,17557,17382,17750,1.05,1.05,1.05
2020-11-15,16482,16302,16674,17197,17027,17392,1.05,1.05,1.06
2020-11-16,20446,20237,20634,17897,17718,18088,1.04,1.04,1.05
2020-11-17,19429,19241,19608,18168,17983,18353,1.04,1.03,1.04
2020-11-18,18591,18412,18759,18737,18548,18918,1.02,1.02,1.03
2020-11-19,17260,17085,17500,18932,18744,19125,1,.99,1
2020-11-20,16785,16576,16973,18016,17828,18210,.98,.97,.98
2020-11-21,14448,14288,14596,16771,16590,16957,.95,.95,.96
2020-11-22,14505,14318,14694,15749,15567,15940,.94,.94,.94
2020-11-23,18471,18284,18641,16052,15866,16226,.94,.93,.94
2020-11-24,17425,17251,17592,16212,16035,16381,.94,.93,.94
2020-11-25,16895,16661,17078,16824,16628,17001,.94,.94,.95
2020-11-26,16012,15836,16185,17201,17008,17374,.96,.95,.96
2020-11-27,16412,16243,16583,16686,16497,16859,.98,.98,.98
2020-11-28,15492,15321,15676,16203,16015,16380,1,1,1.01
2020-11-29,15343,15155,15495,15815,15639,15985,1.03,1.03,1.04
2020-11-30,20712,20477,20889,16990,16799,17161,1.07,1.06,1.07
2020-12-01,20739,20535,20948,18071,17872,18252,1.09,1.08,1.09
2020-12-02,20604,20386,20838,19349,19138,19542,1.12,1.12,1.13
2020-12-03,20867,20644,21037,20730,20510,20928,1.14,1.14,1.15
2020-12-04,21540,21351,21740,20937,20729,21141,1.15,1.15,1.16
2020-12-05,20433,20248,20666,20861,20657,21070,1.16,1.16,1.17
2020-12-06,20792,20621,20971,20908,20716,21103,1.16,1.16,1.16
2020-12-07,26076,25841,26289,22210,22015,22416,1.15,1.15,1.16
2020-12-08,25860,25621,26059,23290,23083,23496,1.15,1.14,1.15
2020-12-09,25170,24968,25379,24475,24263,24674,1.13,1.13,1.13
2020-12-10,24654,24423,24874,25440,25213,25650,1.11,1.1,1.11
2020-12-11,24453,24255,24673,25034,24817,25246,1.09,1.08,1.09
2020-12-12,23004,22818,23211,24320,24116,24534,1.07,1.06,1.07
2020-12-13,22264,22015,22478,23594,23378,23809,1.05,1.05,1.06
2020-12-14,28019,27762,28233,24435,24212,24649,1.04,1.04,1.04
2020-12-15,26532,26288,26777,24955,24721,25175,1.03,1.02,1.03
2020-12-16,25421,25173,25632,25559,25310,25780,1.01,1.01,1.01
2020-12-17,23733,23508,23911,25926,25683,26138,.99,.99,1
2020-12-18,23107,22913,23324,24698,24470,24911,.97,.97,.98
2020-12-19,20616,20407,20782,23219,23000,23412,.96,.96,.96
2020-12-20,19976,19764,20161,21858,21648,22044,.94,.93,.94
2020-12-21,23036,22792,23237,21684,21469,21876,.91,.91,.91
2020-12-22,20566,20356,20737,21049,20830,21229,.88,.88,.88
2020-12-23,18525,18326,18744,20526,20309,20720,.85,.85,.85
2020-12-24,16484,16288,16660,19653,19440,19844,.83,.82,.83
2020-12-25,14918,14749,15119,17624,17430,17815,.83,.83,.83
2020-12-26,16300,16135,16466,16557,16374,16747,.86,.85,.86
2020-12-27,18083,17916,18278,16446,16272,16631,.89,.89,.9
2020-12-28,22344,22138,22542,17911,17734,18101,.93,.93,.94
2020-12-29,18571,18379,18789,18824,18642,19019,.95,.94,.95
2020-12-30,16289,16110,16462,18822,18636,19017,.95,.94,.95
2020-12-31,14568,14422,14716,17943,17762,18127,.95,.95,.96
2021-01-01,15010,14842,15190,16109,15938,16289,.97,.96,.97
2021-01-02,16110,15950,16272,15494,15331,15660,.98,.98,.98
2021-01-03,17560,17380,17758,15812,15648,15984,.99,.98,.99
2021-01-04,21342,21166,21536,17506,17334,17689,.99,.99,.99
2021-01-05,19162,18976,19340,18544,18368,18726,1,.99,1
2021-01-06,17011,16822,17193,18769,18586,18957,1.01,1.01,1.02
2021-01-07,15612,15422,15770,18282,18096,18460,1.02,1.02,1.03
2021-01-08,15393,15218,15582,16795,16609,16971,1,.99,1
2021-01-09,13360,13159,13519,15344,15155,15516,.96,.96,.96
2021-01-10,13925,13782,14073,14573,14395,14736,.91,.91,.92
2021-01-11,16614,16415,16811,14823,14643,14996,.88,.87,.88
2021-01-12,15204,15017,15390,14776,14593,14948,.88,.87,.88
2021-01-13,14498,14327,14662,15060,14885,15234,.88,.88,.89
2021-01-14,13417,13273,13536,14933,14758,15099,.9,.9,.91
2021-01-15,13387,13226,13507,14127,13961,14274,.92,.92,.93
2021-01-16,11976,11824,12136,13320,13162,13460,.93,.92,.93
2021-01-17,12008,11845,12153,12697,12542,12833,.94,.93,.94
2021-01-18,15286,15109,15426,13164,13001,13305,.94,.94,.94
2021-01-19,13825,13668,13966,13274,13111,13420,.94,.94,.94
2021-01-20,13187,13041,13348,13576,13416,13723,.94,.94,.94
2021-01-21,11600,11433,11741,13475,13313,13620,.93,.93,.94
2021-01-22,11472,11327,11597,12521,12367,12663,.93,.92,.93
2021-01-23,10263,10122,10400,11631,11480,11771,.92,.92,.92
2021-01-24,9924,9795,10051,10815,10669,10947,.91,.9,.91
2021-01-25,12463,12334,12591,11031,10894,11160,.9,.89,.9
2021-01-26,11277,11144,11398,10982,10849,11110,.88,.88,.88
2021-01-27,10264,10156,10387,10982,10857,11107,.88,.88,.88
2021-01-28,9752,9619,9880,10939,10813,11064,.89,.88,.89
2021-01-29,9359,9203,9517,10163,10030,10295,.89,.89,.89
2021-01-30,8288,8159,8400,9416,9284,9546,.9,.9,.9
2021-01-31,8039,7895,8152,8859,8719,8987,.89,.89,.9
2021-02-01,10337,10238,10464,9006,8874,9133,.89,.89,.9
2021-02-02,9443,9343,9547,9027,8909,9141,.9,.89,.9
2021-02-03,8675,8566,8792,9123,9010,9239,.89,.89,.9
2021-02-04,7753,7658,7851,9052,8951,9163,.89,.89,.9
2021-02-05,7524,7393,7638,8349,8240,8457,.89,.89,.9
2021-02-06,6735,6641,6835,7672,7564,7779,.89,.89,.9
2021-02-07,6435,6346,6534,7112,7010,7214,.88,.88,.89
2021-02-08,8136,8011,8248,7208,7098,7314,.88,.88,.89
2021-02-09,7684,7588,7785,7248,7146,7350,.88,.88,.89
2021-02-10,7430,7326,7517,7421,7318,7521,.89,.89,.89
2021-02-11,6692,6601,6806,7485,7381,7589,.91,.91,.92
2021-02-12,6908,6811,7024,7179,7081,7283,.94,.93,.94
2021-02-13,6423,6321,6539,6863,6765,6971,.97,.96,.97
2021-02-14,6625,6541,6735,6662,6568,6776,.99,.99,1
2021-02-15,8545,8436,8652,7125,7027,7237,1.01,1.01,1.02
2021-02-16,8145,8031,8284,7435,7332,7552,1.03,1.03,1.04
2021-02-17,8073,7950,8172,7847,7739,7961,1.05,1.05,1.06
2021-02-18,7719,7600,7832,8121,8004,8235,1.06,1.05,1.06
2021-02-19,7651,7540,7757,7897,7780,8011,1.07,1.06,1.07
2021-02-20,7383,7281,7491,7707,7592,7813,1.06,1.06,1.07
2021-02-21,7126,7025,7233,7470,7361,7578,1.05,1.05,1.05
2021-02-22,8955,8827,9064,7779,7668,7886,1.04,1.04,1.05
2021-02-23,8500,8386,8598,7991,7879,8096,1.02,1.02,1.03
2021-02-24,8089,7993,8207,8168,8057,8275,1.01,1.01,1.02
2021-02-25,7658,7544,7770,8301,8187,8409,1.01,1.01,1.02
2021-02-26,7940,7834,8060,8047,7939,8158,1,1,1.01
2021-02-27,7181,7080,7286,7717,7613,7830,1,1,1.01
2021-02-28,7344,7228,7429,7531,7421,7636,1.02,1.01,1.02
2021-03-01,9528,9407,9651,7998,7887,8106,1.02,1.01,1.02
2021-03-02,8913,8810,9038,8241,8131,8351,1.04,1.03,1.04
2021-03-03,8996,8865,9108,8695,8577,8806,1.05,1.05,1.06
2021-03-04,8646,8528,8752,9021,8902,9137,1.06,1.06,1.06
2021-03-05,9016,8922,9143,8893,8781,9010,1.08,1.08,1.09
2021-03-06,8900,8775,9030,8890,8772,9008,1.1,1.09,1.1
2021-03-07,9030,8901,9152,8898,8781,9019,1.12,1.11,1.12
2021-03-08,11789,11667,11929,9684,9566,9813,1.14,1.13,1.14
2021-03-09,11498,11357,11632,10304,10175,10436,1.15,1.15,1.16
2021-03-10,11736,11589,11855,11013,10878,11142,1.17,1.16,1.17
2021-03-11,11499,11358,11646,11631,11493,11765,1.17,1.17,1.18
2021-03-12,12056,11923,12200,11697,11557,11833,1.17,1.16,1.18
2021-03-13,11832,11712,11963,11781,11645,11916,1.17,1.16,1.17
2021-03-14,12079,11932,12216,11867,11731,12006,1.17,1.17,1.18
2021-03-15,15431,15294,15569,12850,12715,12987,1.17,1.17,1.17
2021-03-16,14880,14729,15033,13556,13416,13695,1.17,1.16,1.17
2021-03-17,15017,14828,15185,14352,14195,14500,1.16,1.15,1.16
2021-03-18,14230,14073,14363,14889,14731,15037,1.14,1.14,1.15
2021-03-19,14821,14656,14956,14737,14571,14884,1.13,1.13,1.14
2021-03-20,14970,14821,15124,14759,14594,14907,1.13,1.12,1.13
2021-03-21,15274,15116,15437,14824,14666,14970,1.13,1.13,1.13
2021-03-22,18829,18675,19007,15973,15817,16131,1.14,1.13,1.14
2021-03-23,18506,18326,18670,16895,16734,17059,1.13,1.13,1.13
2021-03-24,17875,17692,18043,17621,17452,17789,1.12,1.11,1.12
2021-03-25,16682,16510,16850,17973,17801,18142,1.1,1.09,1.1
2021-03-26,16349,16174,16504,17353,17175,17516,1.06,1.06,1.07
2021-03-27,15140,15005,15324,16512,16345,16680,1.03,1.03,1.03
2021-03-28,14640,14477,14816,15703,15541,15873,1,1,1.01
2021-03-29,18210,18048,18381,16085,15926,16256,.98,.98,.98
2021-03-30,16995,16844,17177,16246,16093,16424,.96,.96,.96
2021-03-31,15822,15669,15974,16417,16259,16587,.96,.96,.97
2021-04-01,16545,16391,16713,16893,16738,17061,.96,.95,.96
2021-04-02,15053,14913,15203,16104,15954,16267,.96,.96,.97
2021-04-03,14366,14238,14491,15446,15303,15595,.98,.98,.98
2021-04-04,14514,14352,14649,15120,14973,15264,.97,.96,.97
2021-04-05,16572,16417,16736,15126,14980,15270,1,.99,1
2021-04-06,19124,18923,19283,16144,15982,16290,1.03,1.03,1.04
2021-04-07,19329,19150,19483,17385,17210,17538,1.06,1.05,1.06
2021-04-08,18966,18789,19132,18498,18320,18658,1.11,1.1,1.11
2021-04-09,18723,18547,18895,19035,18852,19198,1.12,1.12,1.13
2021-04-10,18620,18464,18771,18909,18737,19070,1.12,1.11,1.12
2021-04-11,17771,17607,17943,18520,18351,18685,1.14,1.14,1.15
2021-04-12,22232,22014,22416,19337,19158,19506,1.12,1.12,1.13
2021-04-13,20601,20423,20771,19806,19627,19975,1.09,1.08,1.09
2021-04-14,19865,19687,20046,20117,19932,20294,1.06,1.05,1.06
2021-04-15,18806,18627,18959,20376,20187,20548,1.02,1.02,1.02
2021-04-16,19710,19533,19859,19745,19567,19909,1.01,1.01,1.02
2021-04-17,18979,18835,19125,19340,19170,19497,1.02,1.02,1.02
2021-04-18,19464,19300,19663,19240,19074,19401,1.03,1.03,1.04
2021-04-19,23618,23446,23807,20443,20278,20613,1.03,1.03,1.04
2021-04-20,21898,21702,22090,20990,20820,21171,1.04,1.03,1.04
2021-04-21,20457,20272,20612,21359,21180,21543,1.02,1.02,1.03
2021-04-22,18705,18501,18894,21170,20980,21350,1,1,1.01
2021-04-23,18207,18058,18361,19817,19633,19989,.98,.98,.98
2021-04-24,16853,16646,17034,18556,18369,18725,.95,.95,.95
2021-04-25,16317,16145,16507,17521,17337,17699,.93,.92,.93
2021-04-26,19718,19549,19907,17774,17599,17952,.91,.9,.91
2021-04-27,17670,17495,17833,17640,17459,17820,.89,.89,.89
2021-04-28,16583,16434,16740,17572,17406,17746,.88,.88,.88
2021-04-29,14604,14426,14756,17144,16976,17309,.88,.88,.88
2021-04-30,14707,14562,14869,15891,15729,16049,.88,.88,.89
2021-05-01,13564,13437,13739,14865,14715,15026,.88,.88,.89
2021-05-02,12926,12781,13113,13950,13801,14119,.88,.88,.88
2021-05-03,15632,15467,15779,14207,14062,14375,.88,.87,.88
2021-05-04,14150,14007,14312,14068,13923,14236,.87,.87,.88
2021-05-05,13176,13026,13319,13971,13820,14130,.87,.87,.88
2021-05-06,11753,11619,11869,13678,13530,13820,.87,.87,.87
2021-05-07,10919,10781,11051,12499,12358,12638,.87,.86,.87
2021-05-08,9894,9763,9993,11436,11297,11558,.86,.86,.87
2021-05-09,9706,9580,9820,10568,10436,10683,.85,.84,.85
2021-05-10,11641,11498,11775,10540,10405,10660,.83,.83,.84
2021-05-11,9828,9709,9943,10267,10138,10383,.82,.82,.82
2021-05-12,8719,8607,8842,9974,9849,10095,.8,.8,.8
2021-05-13,7329,7233,7432,9379,9262,9498,.79,.79,.8
2021-05-14,7451,7362,7546,8332,8228,8441,.8,.8,.81
2021-05-15,7176,7084,7271,7669,7571,7773,.81,.81,.82
2021-05-16,6869,6769,6959,7206,7112,7302,.81,.81,.82
2021-05-17,7960,7822,8059,7364,7259,7459,.81,.81,.82
2021-05-18,6928,6810,7037,7233,7121,7331,.8,.8,.81
2021-05-19,5991,5898,6100,6937,6825,7039,.81,.8,.81
2021-05-20,5321,5239,5382,6550,6442,6644,.81,.81,.82
2021-05-21,4760,4663,4841,5750,5652,5840,.8,.8,.81
2021-05-22,4264,4200,4342,5084,5000,5166,.79,.78,.79
2021-05-23,3798,3736,3877,4536,4459,4610,.74,.73,.74
2021-05-24,4141,4075,4211,4241,4168,4317,.73,.72,.73
2021-05-25,4445,4371,4541,4162,4095,4242,.73,.73,.73
2021-05-26,4051,3984,4126,4109,4041,4188,.75,.74,.75
2021-05-27,3687,3613,3767,4081,4011,4161,.79,.79,.8
2021-05-28,3449,3390,3516,3908,3839,3987,.81,.81,.82
2021-05-29,2964,2904,3034,3538,3473,3611,.83,.82,.83
2021-05-30,2667,2597,2741,3192,3126,3264,.84,.83,.84
2021-05-31,3182,3120,3247,3066,3003,3134,.82,.82,.83
2021-06-01,2843,2787,2919,2914,2852,2985,.81,.8,.82
2021-06-02,2716,2660,2765,2852,2791,2918,.79,.78,.8
2021-06-03,2248,2189,2307,2747,2689,2809,.77,.76,.77
2021-06-04,2136,2087,2179,2486,2431,2542,.78,.77,.79
2021-06-05,2007,1946,2063,2277,2220,2328,.79,.79,.8
2021-06-06,1961,1909,2005,2088,2033,2138,.8,.8,.81
2021-06-07,2199,2127,2254,2076,2017,2125,.8,.8,.81
2021-06-08,1819,1755,1870,1997,1934,2048,.78,.78,.79
2021-06-09,1536,1486,1580,1879,1819,1927,.76,.76,.77
2021-06-10,1405,1352,1449,1740,1680,1788,.75,.74,.76
2021-06-11,1198,1150,1253,1490,1435,1538,.74,.73,.75
2021-06-12,1051,1002,1086,1298,1247,1342,.73,.72,.74
2021-06-13,973,940,1013,1157,1111,1200,.7,.69,.71
2021-06-14,1148,1111,1194,1093,1050,1136,.68,.68,.69
2021-06-15,979,948,1018,1038,1000,1078,.69,.68,.7
2021-06-16,943,900,980,1010,975,1051,.7,.69,.71
2021-06-17,792,754,824,965,928,1004,.73,.72,.74
2021-06-18,744,710,784,864,828,901,.74,.74,.75
2021-06-19,589,562,613,767,731,800,.75,.75,.76
2021-06-20,615,584,648,685,652,717,.77,.76,.78
2021-06-21,776,743,811,681,650,714,.78,.77,.8
2021-06-22,743,712,778,681,650,712,.8,.79,.81
2021-06-23,658,626,693,698,666,732,.81,.8,.82
2021-06-24,591,563,624,692,661,726,.84,.83,.85
2021-06-25,580,555,607,643,614,675,.88,.86,.89
2021-06-26,593,564,616,606,577,635,.91,.9,.93
2021-06-27,550,520,582,578,550,607,.94,.93,.96
2021-06-28,735,706,765,614,586,642,.96,.94,.97
2021-06-29,641,614,665,630,601,657,.97,.95,.98
2021-06-30,725,696,751,663,634,691,1,.98,1.01
2021-07-01,654,628,684,689,661,716,1.02,1.01,1.04
2021-07-02,655,628,680,669,641,695,1.07,1.05,1.08
2021-07-03,674,649,702,677,650,704,1.09,1.08,1.11
2021-07-04,739,710,771,681,654,709,1.15,1.13,1.16
2021-07-05,1039,1006,1075,777,748,807,1.2,1.19,1.22
2021-07-06,990,957,1020,861,830,892,1.24,1.22,1.25
2021-07-07,982,950,1017,937,906,971,1.27,1.25,1.28
2021-07-08,1027,998,1060,1009,978,1043,1.27,1.25,1.28
2021-07-09,1036,1004,1068,1009,977,1041,1.27,1.25,1.28
2021-07-10,1122,1093,1161,1042,1011,1076,1.29,1.28,1.31
2021-07-11,1211,1177,1246,1099,1068,1134,1.31,1.29,1.32
2021-07-12,1601,1555,1639,1243,1207,1278,1.32,1.31,1.34
2021-07-13,1605,1572,1640,1385,1349,1421,1.33,1.32,1.34
2021-07-14,1624,1586,1660,1510,1473,1546,1.31,1.29,1.32
2021-07-15,1482,1444,1516,1578,1539,1613,1.28,1.26,1.29
2021-07-16,1516,1469,1551,1557,1518,1591,1.23,1.22,1.24
2021-07-17,1553,1512,1592,1544,1502,1579,1.2,1.19,1.21
2021-07-18,1681,1642,1725,1558,1516,1596,1.2,1.19,1.21
2021-07-19,2136,2098,2168,1722,1680,1759,1.2,1.19,1.21
2021-07-20,2183,2129,2223,1888,1845,1927,1.19,1.18,1.2
2021-07-21,2073,2033,2115,2018,1975,2058,1.17,1.16,1.18
2021-07-22,1850,1806,1897,2061,2016,2101,1.16,1.15,1.17
2021-07-23,1996,1957,2037,2026,1981,2068,1.14,1.13,1.15
2021-07-24,1983,1937,2030,1976,1933,2020,1.13,1.12,1.14
2021-07-25,2077,2029,2122,1976,1932,2021,1.14,1.13,1.15
2021-07-26,2655,2614,2703,2178,2134,2223,1.13,1.12,1.14
2021-07-27,2624,2571,2675,2335,2288,2382,1.13,1.12,1.14
2021-07-28,2547,2504,2597,2475,2429,2524,1.13,1.12,1.14
2021-07-29,2235,2189,2294,2515,2469,2567,1.12,1.11,1.12
2021-07-30,2419,2373,2472,2456,2409,2509,1.12,1.11,1.13
2021-07-31,2555,2513,2604,2439,2395,2492,1.13,1.13,1.14
2021-08-01,2818,2757,2863,2507,2458,2558,1.16,1.15,1.17
2021-08-02,3530,3457,3588,2830,2775,2882,1.18,1.17,1.19
2021-08-03,3409,3337,3464,3078,3016,3130,1.2,1.19,1.21
2021-08-04,3553,3483,3619,3327,3258,3383,1.22,1.21,1.23
2021-08-05,3511,3446,3582,3500,3431,3563,1.24,1.24,1.25
2021-08-06,3885,3818,3948,3589,3521,3653,1.26,1.25,1.26
2021-08-07,3810,3734,3885,3689,3620,3758,1.26,1.25,1.26
2021-08-08,4065,3995,4140,3818,3748,3889,1.26,1.26,1.27
2021-08-09,5323,5248,5398,4271,4198,4343,1.27,1.27,1.28
2021-08-10,5499,5428,5588,4674,4601,4752,1.3,1.29,1.31
2021-08-11,5747,5665,5837,5159,5084,5241,1.31,1.31,1.32
2021-08-12,5539,5456,5626,5527,5449,5612,1.31,1.3,1.32
2021-08-13,6117,6030,6193,5726,5645,5811,1.3,1.29,1.31
2021-08-14,6277,6154,6391,5920,5826,6012,1.29,1.28,1.3
2021-08-15,6535,6431,6644,6117,6018,6213,1.3,1.29,1.31
2021-08-16,8389,8288,8491,6829,6726,6930,1.29,1.28,1.3
2021-08-17,7955,7796,8102,7289,7167,7407,1.28,1.27,1.29
2021-08-18,8667,8543,8818,7886,7765,8014,1.26,1.26,1.27
2021-08-19,7950,7790,8086,8240,8104,8374,1.23,1.23,1.24
2021-08-20,8674,8544,8804,8312,8168,8452,1.22,1.21,1.22
2021-08-21,8417,8238,8595,8427,8279,8576,1.19,1.19,1.2
2021-08-22,8938,8793,9100,8495,8341,8646,1.18,1.18,1.19
2021-08-23,10822,10581,11029,9213,9039,9382,1.17,1.16,1.17
2021-08-24,9996,9833,10189,9543,9361,9728,1.14,1.14,1.15
2021-08-25,9925,9702,10169,9920,9727,10122,1.12,1.11,1.13
2021-08-26,9378,9117,9639,10030,9808,10257,1.09,1.08,1.1
2021-08-27,9380,9129,9630,9670,9445,9907,1.07,1.06,1.08
2021-08-28,9210,8937,9549,9473,9222,9747,1.05,1.04,1.06
2021-08-29,9445,9050,9902,9353,9059,9680,1.05,1.03,1.06
2021-08-30,11976,11436,12427,10003,9638,10377,1.05,1.04,1.07
2021-08-31,11199,10559,11752,10457,9996,10907,1.06,1.04,1.08
2021-09-01,11224,10649,11820,10961,10423,11475,1.06,1.04,1.08
2021-09-02,9932,9216,10776,11083,10465,11694,1.06,1.03,1.08
2021-09-03,10215,9326,11057,10643,9937,11351,1.04,1.02,1.07
2021-09-04,9540,8550,10452,10228,9435,11026,1.02,1,1.05
2021-09-05,9295,8254,10710,9746,8836,10749,1,.96,1.04
2021-09-06,10925,8705,13029,9994,8709,11312,.98,.93,1.04
2021-09-07,10375,7887,12567,10034,8349,11689,.95,.89,1.01
2021-09-08,9598,7537,12090,10048,8096,12099,.92,.85,1
2021-09-09,7879,5128,10626,9694,7314,12078,,,
